,word,language,lang
0,abolish,en,
1,academic,en,
2,academy,en,
3,acceleration,en,
4,accent,en,
5,accolade,en,
6,accounting,en,
7,accumulation,en,
8,accurately,en,
9,accusation,en,
10,accustomed,en,
11,achievement,en,
12,acid,en,
13,acidity,en,
14,acquisition,en,
15,active,en,
16,activist,en,
17,adjust,en,
18,adolescence,en,
19,adopted,en,
20,advertise,en,
21,advice,en,
22,aesthetics,en,
23,affectionate,en,
24,afternoon,en,
25,agitation,en,
26,agreed,en,
27,aisle,en,
28,album,en,
29,alligator,en,
30,alone,en,
31,altercation,en,
32,aluminium,en,
33,ambassadorship,en,
34,amber,en,
35,analysis,en,
36,anchor,en,
37,anecdote,en,
38,anger,en,
39,anguish,en,
40,announcement,en,
41,announcer,en,
42,antibiotic,en,
43,antidote,en,
44,antipathy,en,
45,antiquity,en,
46,antler,en,
47,anxiety,en,
48,apocalypse,en,
49,apostle,en,
50,appendage,en,
51,applied,en,
52,appropriate,en,
53,aquarium,en,
54,arbour,en,
55,archer,en,
56,archipelago,en,
57,archive,en,
58,aristocracy,en,
59,arm,en,
60,armadillo,en,
61,armchair,en,
62,arrival,en,
63,arsenal,en,
64,art,en,
65,artificial,en,
66,asphalt,en,
67,assertion,en,
68,assist,en,
69,assistance,en,
70,assistant,en,
71,assumed,en,
72,assumption,en,
73,asthmatic,en,
74,astonishment,en,
75,attack,en,
76,attire,en,
77,attraction,en,
78,attrition,en,
79,audacious,en,
80,aunt,en,
81,auspicious,en,
82,authorization,en,
83,autobiographical,en,
84,autumn,en,
85,auxiliary,en,
86,avenue,en,
87,aviator,en,
88,avocado,en,
89,bamboo,en,
90,banana,en,
91,banishment,en,
92,banker,en,
93,bankroll,en,
94,bannister,en,
95,barbeque,en,
96,barber,en,
97,barge,en,
98,bark,en,
99,barnyard,en,
100,baroque,en,
101,barracuda,en,
102,basilica,en,
103,basis,en,
104,bath,en,
105,bathtub,en,
106,baton,en,
107,battalion,en,
108,battleship,en,
109,beak,en,
110,bear,en,
111,bearded,en,
112,bed,en,
113,bedchamber,en,
114,bedding,en,
115,beer,en,
116,beetle,en,
117,beige,en,
118,bell,en,
119,bellow,en,
120,belt,en,
121,better,en,
122,between,en,
123,bigness,en,
124,bikini,en,
125,binding,en,
126,bingo,en,
127,biologist,en,
128,biplane,en,
129,blackbird,en,
130,blackmailer,en,
131,blade,en,
132,blending,en,
133,blessing,en,
134,blinking,en,
135,blister,en,
136,blonde,en,
137,blood,en,
138,blurb,en,
139,board,en,
140,body,en,
141,boil,en,
142,boldly,en,
143,boldness,en,
144,bombing,en,
145,bondage,en,
146,boom,en,
147,boot,en,
148,botanist,en,
149,botch,en,
150,bottle,en,
151,boulder,en,
152,bounty,en,
153,bouquet,en,
154,bow,en,
155,bracelet,en,
156,bragger,en,
157,breach,en,
158,brick,en,
159,bride,en,
160,bristle,en,
161,broom,en,
162,broth,en,
163,budge,en,
164,budget,en,
165,bunk,en,
166,burr,en,
167,business,en,
168,buttock,en,
169,buying,en,
170,cabin,en,
171,cactus,en,
172,cad,en,
173,cage,en,
174,calamity,en,
175,calcium,en,
176,calculation,en,
177,calling,en,
178,canary,en,
179,canoe,en,
180,canvas,en,
181,canyon,en,
182,cape,en,
183,capitalism,en,
184,car,en,
185,cardboard,en,
186,cargo,en,
187,caricature,en,
188,carnival,en,
189,carp,en,
190,carver,en,
191,carving,en,
192,casing,en,
193,casserole,en,
194,catalogue,en,
195,catch,en,
196,category,en,
197,cathedral,en,
198,cavern,en,
199,cellophane,en,
200,censorship,en,
201,census,en,
202,center,en,
203,centering,en,
204,chaff,en,
205,chairperson,en,
206,channel,en,
207,charity,en,
208,charm,en,
209,chaser,en,
210,chattering,en,
211,cheapness,en,
212,chief,en,
213,chiropractor,en,
214,chock,en,
215,chocolate,en,
216,choral,en,
217,chore,en,
218,christening,en,
219,chronicle,en,
220,chronological,en,
221,chunk,en,
222,cigarette,en,
223,circle,en,
224,circulation,en,
225,circus,en,
226,citrus,en,
227,clam,en,
228,clap,en,
229,clarification,en,
230,classroom,en,
231,cleansing,en,
232,cleave,en,
233,clergyman,en,
234,client,en,
235,clipboard,en,
236,clock,en,
237,closet,en,
238,clump,en,
239,coalition,en,
240,coat,en,
241,cobra,en,
242,cod,en,
243,coffee,en,
244,coffer,en,
245,coherence,en,
246,coincidence,en,
247,coke,en,
248,coldness,en,
249,collector,en,
250,college,en,
251,collision,en,
252,colony,en,
253,column,en,
254,comeback,en,
255,comfort,en,
256,comma,en,
257,commentary,en,
258,commitment,en,
259,communism,en,
260,compel,en,
261,compendium,en,
262,complaint,en,
263,composite,en,
264,comprise,en,
265,computer,en,
266,conceal,en,
267,concealment,en,
268,conclusion,en,
269,condensation,en,
270,conditioning,en,
271,conference,en,
272,conformation,en,
273,confrontation,en,
274,confusion,en,
275,congress,en,
276,conjecture,en,
277,conquest,en,
278,conscience,en,
279,conservation,en,
280,conservatory,en,
281,constancy,en,
282,constant,en,
283,constitution,en,
284,consulate,en,
285,contact,en,
286,contamination,en,
287,contemporary,en,
288,continent,en,
289,continuity,en,
290,contraceptive,en,
291,contradict,en,
292,controversial,en,
293,convent,en,
294,convergence,en,
295,convoy,en,
296,cool,en,
297,corpse,en,
298,corrective,en,
299,correlate,en,
300,corroborate,en,
301,corroboration,en,
302,corset,en,
303,cost,en,
304,cot,en,
305,counselor,en,
306,counterbalance,en,
307,counterrevolutionary,en,
308,country,en,
309,courage,en,
310,course,en,
311,cow,en,
312,crank,en,
313,craving,en,
314,crease,en,
315,creek,en,
316,crick,en,
317,cricket,en,
318,criticism,en,
319,crocodile,en,
320,crucifix,en,
321,culpability,en,
322,culture,en,
323,curl,en,
324,customize,en,
325,cymbal,en,
326,dad,en,
327,daisy,en,
328,damage,en,
329,dame,en,
330,dampness,en,
331,danger,en,
332,dartboard,en,
333,deal,en,
334,debt,en,
335,decibel,en,
336,decoration,en,
337,decree,en,
338,defamation,en,
339,defame,en,
340,defector,en,
341,defence,en,
342,defile,en,
343,deft,en,
344,demonstration,en,
345,demotion,en,
346,denial,en,
347,department,en,
348,departure,en,
349,dependence,en,
350,deposit,en,
351,depress,en,
352,deprivation,en,
353,deputy,en,
354,descent,en,
355,description,en,
356,desert,en,
357,destitute,en,
358,detection,en,
359,detergent,en,
360,detonator,en,
361,development,en,
362,devil,en,
363,devolve,en,
364,dew,en,
365,diabetic,en,
366,diagnose,en,
367,diagonal,en,
368,dialect,en,
369,dialogue,en,
370,diameter,en,
371,dictator,en,
372,dictatorship,en,
373,diction,en,
374,diffusion,en,
375,digestion,en,
376,dilapidation,en,
377,dill,en,
378,dilution,en,
379,disable,en,
380,disappointment,en,
381,disarray,en,
382,disciple,en,
383,disco,en,
384,discretion,en,
385,discrimination,en,
386,disengage,en,
387,dishonestly,en,
388,dismal,en,
389,dismantling,en,
390,dispatch,en,
391,displacement,en,
392,display,en,
393,disposition,en,
394,distinctiveness,en,
395,distinguishing,en,
396,distort,en,
397,distressed,en,
398,distressing,en,
399,diversify,en,
400,divination,en,
401,divinity,en,
402,dock,en,
403,door,en,
404,dose,en,
405,double,en,
406,downfall,en,
407,drag,en,
408,dramatic,en,
409,draw,en,
410,dreamer,en,
411,dresser,en,
412,drink,en,
413,drinking,en,
414,drop,en,
415,droppings,en,
416,drowned,en,
417,drunkenness,en,
418,duchess,en,
419,duck,en,
420,duke,en,
421,dumb,en,
422,dung,en,
423,dutifully,en,
424,dynamics,en,
425,eagerness,en,
426,eagle,en,
427,earth,en,
428,earthquake,en,
429,edition,en,
430,education,en,
431,eel,en,
432,efficiency,en,
433,egoism,en,
434,egomaniac,en,
435,elaboration,en,
436,elastic,en,
437,elbow,en,
438,elderly,en,
439,electricity,en,
440,electronics,en,
441,element,en,
442,elephant,en,
443,emancipation,en,
444,embitter,en,
445,emerald,en,
446,emitter,en,
447,emotion,en,
448,emphasis,en,
449,empire,en,
450,employee,en,
451,encephalitis,en,
452,enclosure,en,
453,endurance,en,
454,enlargement,en,
455,enough,en,
456,enterprise,en,
457,entertainment,en,
458,enthusiasm,en,
459,entombment,en,
460,entry,en,
461,envision,en,
462,episode,en,
463,equation,en,
464,equipment,en,
465,erection,en,
466,escort,en,
467,esteem,en,
468,euphemism,en,
469,euphoria,en,
470,exalt,en,
471,exam,en,
472,example,en,
473,exasperate,en,
474,excellency,en,
475,exclusion,en,
476,excuse,en,
477,executive,en,
478,exertion,en,
479,exhausted,en,
480,exhaustion,en,
481,exile,en,
482,exist,en,
483,expansiveness,en,
484,expatriate,en,
485,expectancy,en,
486,expedition,en,
487,experiment,en,
488,experimental,en,
489,experimentation,en,
490,expertise,en,
491,expiration,en,
492,explicit,en,
493,exploration,en,
494,explore,en,
495,expressly,en,
496,expressway,en,
497,exquisite,en,
498,extinction,en,
499,extractor,en,
500,extradite,en,
501,eye,en,
502,eyebrow,en,
503,fabric,en,
504,facetious,en,
505,falcon,en,
506,falsification,en,
507,fanatic,en,
508,fang,en,
509,fascination,en,
510,fated,en,
511,faucet,en,
512,favor,en,
513,feeble,en,
514,feed,en,
515,felt,en,
516,fence,en,
517,ferret,en,
518,ferry,en,
519,fester,en,
520,fewer,en,
521,fiancee,en,
522,fiber,en,
523,fictional,en,
524,fiddle,en,
525,fidelity,en,
526,fig,en,
527,finale,en,
528,fire,en,
529,firefly,en,
530,fishy,en,
531,fistful,en,
532,flag,en,
533,flagstone,en,
534,flipper,en,
535,flowing,en,
536,flu,en,
537,flurry,en,
538,focus,en,
539,folk,en,
540,food,en,
541,foolishness,en,
542,fragile,en,
543,frailty,en,
544,frame,en,
545,freedom,en,
546,frenzy,en,
547,frequency,en,
548,friction,en,
549,fridge,en,
550,friendship,en,
551,frivolity,en,
552,frontier,en,
553,function,en,
554,functionary,en,
555,furnishings,en,
556,furthermore,en,
557,fuss,en,
558,gable,en,
559,gamut,en,
560,gang,en,
561,gas,en,
562,gathering,en,
563,gem,en,
564,generality,en,
565,generation,en,
566,genetic,en,
567,geographical,en,
568,gerontology,en,
569,gibberish,en,
570,giddiness,en,
571,gift,en,
572,glisten,en,
573,globe,en,
574,goal,en,
575,godfather,en,
576,goldfinch,en,
577,gory,en,
578,gospel,en,
579,gossip,en,
580,government,en,
581,governmental,en,
582,grandchild,en,
583,grandpa,en,
584,grass,en,
585,gratuitous,en,
586,gravitate,en,
587,graze,en,
588,grease,en,
589,green,en,
590,greeting,en,
591,grey,en,
592,grip,en,
593,gripes,en,
594,grouch,en,
595,grouper,en,
596,grovel,en,
597,grower,en,
598,guidance,en,
599,gunner,en,
600,guts,en,
601,hall,en,
602,hallucination,en,
603,hammer,en,
604,hamster,en,
605,handicraft,en,
606,happening,en,
607,harbor,en,
608,hassle,en,
609,hat,en,
610,hatter,en,
611,headline,en,
612,healing,en,
613,health,en,
614,heap,en,
615,hearth,en,
616,heat,en,
617,heated,en,
618,hedge,en,
619,height,en,
620,heights,en,
621,heir,en,
622,helicopter,en,
623,hell,en,
624,helm,en,
625,henhouse,en,
626,herbivore,en,
627,heron,en,
628,hesitance,en,
629,hesitant,en,
630,hiccup,en,
631,hideout,en,
632,highlight,en,
633,hindrance,en,
634,hint,en,
635,hissing,en,
636,historic,en,
637,hoax,en,
638,holler,en,
639,hospitable,en,
640,hotel,en,
641,hours,en,
642,house,en,
643,hue,en,
644,human,en,
645,humanist,en,
646,humiliation,en,
647,humility,en,
648,humor,en,
649,humorist,en,
650,hunt,en,
651,hurry,en,
652,hurt,en,
653,hypnotize,en,
654,hypothesis,en,
655,iceberg,en,
656,identification,en,
657,ideology,en,
658,idiom,en,
659,idiosyncrasy,en,
660,illogical,en,
661,illuminate,en,
662,illustrious,en,
663,imitation,en,
664,immigrant,en,
665,immorality,en,
666,impart,en,
667,impatience,en,
668,imposition,en,
669,imprison,en,
670,impunity,en,
671,incapacitate,en,
672,incident,en,
673,independence,en,
674,index,en,
675,indication,en,
676,indigo,en,
677,individualist,en,
678,industrialization,en,
679,inebriate,en,
680,infection,en,
681,inflammation,en,
682,inflatable,en,
683,influence,en,
684,informal,en,
685,inhabitant,en,
686,inheritance,en,
687,inject,en,
688,injunction,en,
689,innocence,en,
690,innovator,en,
691,inscrutable,en,
692,insensible,en,
693,insertion,en,
694,insight,en,
695,insinuation,en,
696,insomnia,en,
697,inspector,en,
698,intelligence,en,
699,interchange,en,
700,interest,en,
701,interfere,en,
702,internally,en,
703,intolerable,en,
704,invasion,en,
705,investigator,en,
706,investment,en,
707,invitee,en,
708,isle,en,
709,isolated,en,
710,issuance,en,
711,jacket,en,
712,janitor,en,
713,jaw,en,
714,jeans,en,
715,jib,en,
716,jiffy,en,
717,jive,en,
718,joiner,en,
719,joist,en,
720,joy,en,
721,judgeship,en,
722,junction,en,
723,jungle,en,
724,junior,en,
725,justice,en,
726,justify,en,
727,kerosene,en,
728,kick,en,
729,kidnap,en,
730,kidney,en,
731,kimono,en,
732,kinetics,en,
733,kiss,en,
734,kite,en,
735,knowing,en,
736,label,en,
737,labyrinth,en,
738,lactose,en,
739,ladybird,en,
740,lagging,en,
741,lagoon,en,
742,lamb,en,
743,lament,en,
744,landlord,en,
745,lasagna,en,
746,laser,en,
747,lasso,en,
748,laudable,en,
749,laughter,en,
750,law,en,
751,lawlessness,en,
752,leap,en,
753,learner,en,
754,leaving,en,
755,lecture,en,
756,lecturer,en,
757,leisure,en,
758,leotard,en,
759,lessening,en,
760,lesson,en,
761,lethal,en,
762,license,en,
763,licensee,en,
764,lift,en,
765,liftoff,en,
766,lighting,en,
767,likeness,en,
768,lilac,en,
769,limbo,en,
770,lime,en,
771,line,en,
772,lineage,en,
773,linen,en,
774,lining,en,
775,link,en,
776,lint,en,
777,liqueur,en,
778,list,en,
779,lobby,en,
780,locale,en,
781,lock,en,
782,lockjaw,en,
783,locomotive,en,
784,longing,en,
785,loo,en,
786,loom,en,
787,loss,en,
788,lotto,en,
789,love,en,
790,lover,en,
791,lovingly,en,
792,loyalty,en,
793,lug,en,
794,luggage,en,
795,lust,en,
796,machinery,en,
797,magenta,en,
798,magnetism,en,
799,magnitude,en,
800,mailbox,en,
801,maim,en,
802,manatee,en,
803,manger,en,
804,manifestation,en,
805,mankind,en,
806,manner,en,
807,manners,en,
808,manufacturing,en,
809,market,en,
810,martini,en,
811,marvel,en,
812,masculinity,en,
813,masochism,en,
814,mast,en,
815,mastery,en,
816,mating,en,
817,matrimony,en,
818,mayhem,en,
819,meaning,en,
820,measure,en,
821,measurement,en,
822,mechanic,en,
823,meditation,en,
824,medium,en,
825,megalopolis,en,
826,melancholy,en,
827,mellow,en,
828,melody,en,
829,melon,en,
830,member,en,
831,merger,en,
832,merit,en,
833,mermaid,en,
834,metronome,en,
835,midday,en,
836,middle,en,
837,millimeter,en,
838,mimosa,en,
839,minimum,en,
840,minnow,en,
841,mirage,en,
842,mirror,en,
843,mishap,en,
844,mission,en,
845,mistake,en,
846,mister,en,
847,mixed,en,
848,mobile,en,
849,mobility,en,
850,moderation,en,
851,modernism,en,
852,modest,en,
853,module,en,
854,monolithic,en,
855,monopolist,en,
856,monopoly,en,
857,monotony,en,
858,monoxide,en,
859,mortal,en,
860,mother,en,
861,motion,en,
862,motive,en,
863,movable,en,
864,movie,en,
865,mug,en,
866,mulberry,en,
867,mule,en,
868,multiplicity,en,
869,muscat,en,
870,muscle,en,
871,muse,en,
872,museum,en,
873,mustache,en,
874,mystery,en,
875,myth,en,
876,nail,en,
877,naive,en,
878,name,en,
879,narration,en,
880,narrative,en,
881,narrator,en,
882,nationality,en,
883,native,en,
884,navigation,en,
885,neckline,en,
886,negative,en,
887,nervous,en,
888,nervousness,en,
889,nest,en,
890,network,en,
891,newness,en,
892,newspaper,en,
893,niceness,en,
894,nick,en,
895,nightdress,en,
896,nightmare,en,
897,nip,en,
898,noblesse,en,
899,noise,en,
900,nominee,en,
901,nose,en,
902,nucleus,en,
903,nude,en,
904,nudge,en,
905,nuisance,en,
906,number,en,
907,nutrition,en,
908,nylon,en,
909,oar,en,
910,object,en,
911,objectionable,en,
912,obligation,en,
913,oblivion,en,
914,obviousness,en,
915,occupation,en,
916,occupy,en,
917,oddity,en,
918,odor,en,
919,onion,en,
920,onto,en,
921,open,en,
922,openness,en,
923,opinion,en,
924,opponent,en,
925,opposition,en,
926,optician,en,
927,optimistic,en,
928,option,en,
929,orange,en,
930,orator,en,
931,ordeal,en,
932,ordination,en,
933,ore,en,
934,organs,en,
935,origin,en,
936,originality,en,
937,originator,en,
938,orthodontist,en,
939,outrageousness,en,
940,outset,en,
941,outsider,en,
942,outskirts,en,
943,oval,en,
944,oversee,en,
945,overtaking,en,
946,overwhelming,en,
947,ownership,en,
948,oxidation,en,
949,pacifism,en,
950,padlock,en,
951,pain,en,
952,panties,en,
953,pants,en,
954,paper,en,
955,paprika,en,
956,par,en,
957,parachuting,en,
958,parade,en,
959,paranoid,en,
960,parenthesis,en,
961,parishioner,en,
962,partisan,en,
963,partition,en,
964,patch,en,
965,patent,en,
966,paternity,en,
967,pathway,en,
968,patient,en,
969,patty,en,
970,pavilion,en,
971,payer,en,
972,payoff,en,
973,peach,en,
974,peck,en,
975,peel,en,
976,peephole,en,
977,pelican,en,
978,pencil,en,
979,pendulum,en,
980,penguin,en,
981,penitence,en,
982,perch,en,
983,perfectionist,en,
984,perfume,en,
985,permeate,en,
986,perpetrator,en,
987,perseverance,en,
988,person,en,
989,personality,en,
990,persuasive,en,
991,persuasiveness,en,
992,pessimist,en,
993,petitioner,en,
994,philanthropist,en,
995,phobia,en,
996,phoney,en,
997,photographer,en,
998,physiological,en,
999,piazza,en,
1000,pie,en,
1001,pigeon,en,
1002,pillory,en,
1003,pilot,en,
1004,pineapple,en,
1005,pipeline,en,
1006,piranha,en,
1007,pirate,en,
1008,pistol,en,
1009,pitchfork,en,
1010,pivot,en,
1011,placebo,en,
1012,plan,en,
1013,planetarium,en,
1014,platform,en,
1015,platinum,en,
1016,platoon,en,
1017,plaudits,en,
1018,playwright,en,
1019,pleasure,en,
1020,plum,en,
1021,plumbing,en,
1022,pock,en,
1023,pocket,en,
1024,poised,en,
1025,polarization,en,
1026,politician,en,
1027,pomegranate,en,
1028,pond,en,
1029,pool,en,
1030,poor,en,
1031,pork,en,
1032,potential,en,
1033,practical,en,
1034,practice,en,
1035,prairie,en,
1036,prawn,en,
1037,prayer,en,
1038,precipitation,en,
1039,precision,en,
1040,preoccupation,en,
1041,present,en,
1042,presidential,en,
1043,prestige,en,
1044,presumption,en,
1045,prevailing,en,
1046,prevention,en,
1047,preventive,en,
1048,pride,en,
1049,prince,en,
1050,princess,en,
1051,printing,en,
1052,proceedings,en,
1053,proclamation,en,
1054,product,en,
1055,professorship,en,
1056,programing,en,
1057,prohibition,en,
1058,proliferation,en,
1059,pronunciation,en,
1060,prophet,en,
1061,prosecutor,en,
1062,protest,en,
1063,provocation,en,
1064,pseudo,en,
1065,psychiatrist,en,
1066,psychoanalysis,en,
1067,psychotic,en,
1068,puberty,en,
1069,publication,en,
1070,puff,en,
1071,pundit,en,
1072,purple,en,
1073,puzzle,en,
1074,qualification,en,
1075,quiet,en,
1076,quorum,en,
1077,racecourse,en,
1078,racket,en,
1079,radiance,en,
1080,rafter,en,
1081,rage,en,
1082,ragged,en,
1083,railroad,en,
1084,ranch,en,
1085,ranking,en,
1086,rapidity,en,
1087,rapture,en,
1088,rat,en,
1089,raven,en,
1090,ravine,en,
1091,raw,en,
1092,reaction,en,
1093,reactionary,en,
1094,reactor,en,
1095,reading,en,
1096,rebirth,en,
1097,receiver,en,
1098,recognition,en,
1099,rectify,en,
1100,redemption,en,
1101,reform,en,
1102,reformist,en,
1103,refusal,en,
1104,regression,en,
1105,regrettable,en,
1106,rehearsal,en,
1107,reign,en,
1108,relationship,en,
1109,relaxation,en,
1110,relevance,en,
1111,remoteness,en,
1112,rendition,en,
1113,renewal,en,
1114,renown,en,
1115,rep,en,
1116,repetition,en,
1117,report,en,
1118,repositioning,en,
1119,representation,en,
1120,repression,en,
1121,republic,en,
1122,request,en,
1123,residual,en,
1124,resign,en,
1125,resort,en,
1126,rest,en,
1127,restore,en,
1128,restriction,en,
1129,restructure,en,
1130,retired,en,
1131,retrieval,en,
1132,revolver,en,
1133,ribbon,en,
1134,ridicule,en,
1135,right,en,
1136,rightist,en,
1137,ripple,en,
1138,rite,en,
1139,ritual,en,
1140,rival,en,
1141,robotics,en,
1142,role,en,
1143,rooftop,en,
1144,root,en,
1145,rosemary,en,
1146,round,en,
1147,row,en,
1148,rub,en,
1149,rubbish,en,
1150,ruby,en,
1151,rucksack,en,
1152,rump,en,
1153,runner,en,
1154,safekeeping,en,
1155,salesperson,en,
1156,salvage,en,
1157,salvation,en,
1158,sameness,en,
1159,sanctity,en,
1160,sane,en,
1161,satellite,en,
1162,sauce,en,
1163,scare,en,
1164,scared,en,
1165,scarlet,en,
1166,scholar,en,
1167,schooling,en,
1168,scooter,en,
1169,scoring,en,
1170,scrap,en,
1171,scrawl,en,
1172,screenplay,en,
1173,screwy,en,
1174,scriptwriter,en,
1175,sculptor,en,
1176,scuttle,en,
1177,seaman,en,
1178,search,en,
1179,secretariat,en,
1180,sedation,en,
1181,sediment,en,
1182,segment,en,
1183,select,en,
1184,selectivity,en,
1185,selflessness,en,
1186,semantics,en,
1187,semblance,en,
1188,sense,en,
1189,sensuous,en,
1190,sergeant,en,
1191,seriousness,en,
1192,sermon,en,
1193,serve,en,
1194,server,en,
1195,serving,en,
1196,set,en,
1197,setup,en,
1198,shaft,en,
1199,shed,en,
1200,shedding,en,
1201,sheep,en,
1202,sheepherder,en,
1203,shepherd,en,
1204,shindig,en,
1205,shipwreck,en,
1206,shiver,en,
1207,shopping,en,
1208,shore,en,
1209,shot,en,
1210,showman,en,
1211,shun,en,
1212,sickly,en,
1213,side,en,
1214,sieve,en,
1215,sigh,en,
1216,signature,en,
1217,silence,en,
1218,silk,en,
1219,silver,en,
1220,simplify,en,
1221,simulator,en,
1222,sink,en,
1223,sinus,en,
1224,sixth,en,
1225,sixty,en,
1226,skepticism,en,
1227,skid,en,
1228,skillet,en,
1229,skunk,en,
1230,skyline,en,
1231,slam,en,
1232,slapdash,en,
1233,sleaze,en,
1234,sleuth,en,
1235,slim,en,
1236,slope,en,
1237,slow,en,
1238,smallpox,en,
1239,smile,en,
1240,smoothness,en,
1241,snap,en,
1242,snippet,en,
1243,snitch,en,
1244,snooze,en,
1245,snot,en,
1246,snub,en,
1247,soap,en,
1248,sociable,en,
1249,socialism,en,
1250,socket,en,
1251,sofa,en,
1252,soil,en,
1253,solid,en,
1254,solitude,en,
1255,solstice,en,
1256,somersault,en,
1257,sonny,en,
1258,sophistication,en,
1259,sounding,en,
1260,source,en,
1261,south,en,
1262,sovereignty,en,
1263,sparkling,en,
1264,spasmodic,en,
1265,speciality,en,
1266,specificity,en,
1267,specimen,en,
1268,spectator,en,
1269,speculation,en,
1270,spiral,en,
1271,spirit,en,
1272,spittle,en,
1273,splint,en,
1274,sponge,en,
1275,spontaneity,en,
1276,spontaneous,en,
1277,spore,en,
1278,spots,en,
1279,spout,en,
1280,spruce,en,
1281,squander,en,
1282,squeak,en,
1283,squeal,en,
1284,squirm,en,
1285,squirrel,en,
1286,stability,en,
1287,stain,en,
1288,static,en,
1289,statistic,en,
1290,status,en,
1291,stem,en,
1292,stimulating,en,
1293,stomach,en,
1294,stonework,en,
1295,stopper,en,
1296,storm,en,
1297,stormy,en,
1298,straightaway,en,
1299,straightedge,en,
1300,street,en,
1301,streetcar,en,
1302,strength,en,
1303,stretcher,en,
1304,striker,en,
1305,string,en,
1306,stroke,en,
1307,stroll,en,
1308,studio,en,
1309,stuffing,en,
1310,substitute,en,
1311,subway,en,
1312,succession,en,
1313,suck,en,
1314,suggestion,en,
1315,suitcase,en,
1316,suitor,en,
1317,summation,en,
1318,sunrise,en,
1319,sunset,en,
1320,superficially,en,
1321,superstition,en,
1322,supper,en,
1323,surgeon,en,
1324,surplus,en,
1325,surprise,en,
1326,survey,en,
1327,surveying,en,
1328,swamp,en,
1329,sweat,en,
1330,sweater,en,
1331,sweaty,en,
1332,sweeten,en,
1333,symbol,en,
1334,sympathy,en,
1335,symptom,en,
1336,syndicate,en,
1337,table,en,
1338,tact,en,
1339,tactician,en,
1340,tally,en,
1341,tamp,en,
1342,tango,en,
1343,taper,en,
1344,tapestry,en,
1345,target,en,
1346,tax,en,
1347,taxi,en,
1348,telegraph,en,
1349,telescope,en,
1350,temper,en,
1351,temptation,en,
1352,tenet,en,
1353,territory,en,
1354,testimony,en,
1355,testy,en,
1356,text,en,
1357,thatch,en,
1358,theatre,en,
1359,therapeutics,en,
1360,therapist,en,
1361,thickness,en,
1362,thief,en,
1363,thinker,en,
1364,thought,en,
1365,thread,en,
1366,threat,en,
1367,threshold,en,
1368,throng,en,
1369,thumb,en,
1370,thunder,en,
1371,tights,en,
1372,timetable,en,
1373,timidity,en,
1374,tinker,en,
1375,tint,en,
1376,tiring,en,
1377,titillation,en,
1378,toad,en,
1379,toilsome,en,
1380,tomato,en,
1381,torment,en,
1382,tormentor,en,
1383,torpedo,en,
1384,torrent,en,
1385,torrid,en,
1386,tortilla,en,
1387,toss,en,
1388,tot,en,
1389,total,en,
1390,totalitarianism,en,
1391,touchy,en,
1392,toughness,en,
1393,township,en,
1394,toxic,en,
1395,toxin,en,
1396,tracing,en,
1397,traction,en,
1398,tranquility,en,
1399,transact,en,
1400,transatlantic,en,
1401,transcendence,en,
1402,transcript,en,
1403,transference,en,
1404,transgression,en,
1405,transistor,en,
1406,transition,en,
1407,transport,en,
1408,treatment,en,
1409,treaty,en,
1410,trial,en,
1411,trick,en,
1412,tricky,en,
1413,trio,en,
1414,trip,en,
1415,triviality,en,
1416,trot,en,
1417,trouser,en,
1418,trowel,en,
1419,tuberculosis,en,
1420,tuna,en,
1421,turbot,en,
1422,turbulence,en,
1423,turpitude,en,
1424,turtle,en,
1425,tux,en,
1426,twelveth,en,
1427,twinge,en,
1428,twinkle,en,
1429,twirl,en,
1430,twister,en,
1431,typical,en,
1432,tyranny,en,
1433,tyrant,en,
1434,unburden,en,
1435,uncle,en,
1436,underline,en,
1437,understand,en,
1438,undertow,en,
1439,unfairness,en,
1440,unfaithful,en,
1441,unicycle,en,
1442,unknown,en,
1443,unmistakable,en,
1444,unsuitable,en,
1445,untangle,en,
1446,unveiling,en,
1447,unwieldiness,en,
1448,updating,en,
1449,uptake,en,
1450,uranium,en,
1451,urban,en,
1452,urologist,en,
1453,useless,en,
1454,user,en,
1455,utilization,en,
1456,vagrancy,en,
1457,vague,en,
1458,value,en,
1459,vampire,en,
1460,variance,en,
1461,veil,en,
1462,velocity,en,
1463,velveteen,en,
1464,veneer,en,
1465,venerate,en,
1466,veranda,en,
1467,verdict,en,
1468,vertex,en,
1469,vertically,en,
1470,vertigo,en,
1471,veterinarian,en,
1472,viaduct,en,
1473,victim,en,
1474,victory,en,
1475,view,en,
1476,viewing,en,
1477,villa,en,
1478,village,en,
1479,vinegar,en,
1480,violence,en,
1481,virology,en,
1482,virtually,en,
1483,visibility,en,
1484,visible,en,
1485,vocabulary,en,
1486,vodka,en,
1487,voucher,en,
1488,wager,en,
1489,waistline,en,
1490,waiting,en,
1491,walkout,en,
1492,waltz,en,
1493,warning,en,
1494,warrantee,en,
1495,watchword,en,
1496,weapon,en,
1497,weather,en,
1498,weeping,en,
1499,west,en,
1500,whale,en,
1501,wheeze,en,
1502,whip,en,
1503,whirlpool,en,
1504,whisper,en,
1505,whisperer,en,
1506,whiten,en,
1507,whittle,en,
1508,whiz,en,
1509,wholeness,en,
1510,wicker,en,
1511,wide,en,
1512,widow,en,
1513,will,en,
1514,willful,en,
1515,wind,en,
1516,windbreaker,en,
1517,windscreen,en,
1518,wipe,en,
1519,wire,en,
1520,wisp,en,
1521,witch,en,
1522,wizard,en,
1523,womb,en,
1524,wonderfully,en,
1525,workforce,en,
1526,worldliness,en,
1527,wrangler,en,
1528,wren,en,
1529,wrist,en,
1530,yard,en,
1531,year,en,
1532,yellow,en,